Fator,Autovalor,Variância (%),Variância Acumulada (%)
Fator 1,5.104638247743828,0.42538652064531896,0.42538652064531896
Fator 2,3.8727809603725274,0.3227317466977106,0.7481182673430296
