CFI,TLI,RMSEA,SRMR,Chi_quadrado,p_valor,graus_liberdade
0.7730203190027141,0.7445033291950893,0.03,0.02,3.0797772536389023,0.9976311326723425,13
