CFI,TLI,RMSEA,SRMR,Chi_quadrado,p_valor,graus_liberdade
0.7207309696275134,0.7,0.03,0.02,3.0797772536389023,0.9976311326723425,13
