fator,variancia_explicada,variancia_explicada_percent
Fator1,0.49820707286958205,49.8207072869582
Fator2,0.25775507049169644,25.775507049169644
