Fator,Autovalor,Variância (%),Variância Acumulada (%)
Fator 1,5.00029193154582,0.5555879923939799,0.5555879923939799
Fator 2,3.0452622041851023,0.33836246713167806,0.893950459525658
